[{"model": "admin.logentry", "pk": 1, "fields": {"action_time": "2021-05-22T19:43:17.812Z", "user": 1, "content_type": 7, "object_id": "7", "object_repr": "Новость из Админа", "action_flag": 1, "change_message": "[{\"added\": {}}]"}}, {"model": "admin.logentry", "pk": 2, "fields": {"action_time": "2021-05-22T19:50:47.854Z", "user": 1, "content_type": 7, "object_id": "8", "object_repr": "Опять новость из Админа", "action_flag": 1, "change_message": "[{\"added\": {}}]"}}, {"model": "admin.logentry", "pk": 3, "fields": {"action_time": "2021-05-22T21:10:48.448Z", "user": 1, "content_type": 8, "object_id": "1", "object_repr": "Category object (1)", "action_flag": 1, "change_message": "[{\"added\": {}}]"}}, {"model": "admin.logentry", "pk": 4, "fields": {"action_time": "2021-05-22T21:11:00.590Z", "user": 1, "content_type": 8, "object_id": "2", "object_repr": "Category object (2)", "action_flag": 1, "change_message": "[{\"added\": {}}]"}}, {"model": "admin.logentry", "pk": 5, "fields": {"action_time": "2021-05-22T21:11:05.128Z", "user": 1, "content_type": 8, "object_id": "3", "object_repr": "Category object (3)", "action_flag": 1, "change_message": "[{\"added\": {}}]"}}, {"model": "admin.logentry", "pk": 6, "fields": {"action_time": "2021-05-22T21:11:09.983Z", "user": 1, "content_type": 8, "object_id": "4", "object_repr": "Category object (4)", "action_flag": 1, "change_message": "[{\"added\": {}}]"}}, {"model": "admin.logentry", "pk": 7, "fields": {"action_time": "2021-05-22T21:13:36.764Z", "user": 1, "content_type": 7, "object_id": "8", "object_repr": "Опять новость из Админа", "action_flag": 2, "change_message": "[{\"changed\": {\"fields\": [\"Category\"]}}]"}}, {"model": "admin.logentry", "pk": 8, "fields": {"action_time": "2021-05-22T21:13:57.500Z", "user": 1, "content_type": 7, "object_id": "5", "object_repr": "Новость 5", "action_flag": 2, "change_message": "[{\"changed\": {\"fields\": [\"Category\"]}}]"}}, {"model": "admin.logentry", "pk": 9, "fields": {"action_time": "2021-05-22T21:14:02.739Z", "user": 1, "content_type": 7, "object_id": "3", "object_repr": "Новость 3", "action_flag": 2, "change_message": "[{\"changed\": {\"fields\": [\"Category\"]}}]"}}, {"model": "admin.logentry", "pk": 10, "fields": {"action_time": "2021-05-22T21:14:06.627Z", "user": 1, "content_type": 7, "object_id": "1", "object_repr": "Новость 1", "action_flag": 2, "change_message": "[{\"changed\": {\"fields\": [\"Category\"]}}]"}}, {"model": "admin.logentry", "pk": 11, "fields": {"action_time": "2021-05-22T21:14:11.528Z", "user": 1, "content_type": 7, "object_id": "2", "object_repr": "Новость 2", "action_flag": 2, "change_message": "[{\"changed\": {\"fields\": [\"Category\"]}}]"}}, {"model": "admin.logentry", "pk": 12, "fields": {"action_time": "2021-05-22T21:14:28.235Z", "user": 1, "content_type": 7, "object_id": "8", "object_repr": "Опять новость из Админа", "action_flag": 2, "change_message": "[{\"changed\": {\"fields\": [\"Category\"]}}]"}}, {"model": "admin.logentry", "pk": 13, "fields": {"action_time": "2021-05-27T17:42:33.520Z", "user": 1, "content_type": 7, "object_id": "8", "object_repr": "Опять новость из Админа", "action_flag": 2, "change_message": "[{\"changed\": {\"fields\": [\"\\u041a\\u043e\\u043d\\u0442\\u0435\\u043d\\u0442\"]}}]"}}, {"model": "admin.logentry", "pk": 14, "fields": {"action_time": "2021-05-27T17:42:44.286Z", "user": 1, "content_type": 7, "object_id": "7", "object_repr": "Новость из Админа", "action_flag": 2, "change_message": "[{\"changed\": {\"fields\": [\"\\u041a\\u043e\\u043d\\u0442\\u0435\\u043d\\u0442\", \"Category\"]}}]"}}, {"model": "admin.logentry", "pk": 15, "fields": {"action_time": "2021-05-27T17:42:51.667Z", "user": 1, "content_type": 7, "object_id": "5", "object_repr": "Новость 5", "action_flag": 2, "change_message": "[{\"changed\": {\"fields\": [\"\\u041a\\u043e\\u043d\\u0442\\u0435\\u043d\\u0442\"]}}]"}}, {"model": "admin.logentry", "pk": 16, "fields": {"action_time": "2021-05-27T17:43:24.199Z", "user": 1, "content_type": 7, "object_id": "4", "object_repr": "Новость 4 изменина", "action_flag": 2, "change_message": "[{\"changed\": {\"fields\": [\"\\u041a\\u043e\\u043d\\u0442\\u0435\\u043d\\u0442\"]}}]"}}, {"model": "admin.logentry", "pk": 17, "fields": {"action_time": "2021-05-27T17:43:37.683Z", "user": 1, "content_type": 7, "object_id": "3", "object_repr": "Новость 3", "action_flag": 2, "change_message": "[{\"changed\": {\"fields\": [\"\\u041a\\u043e\\u043d\\u0442\\u0435\\u043d\\u0442\"]}}]"}}, {"model": "admin.logentry", "pk": 18, "fields": {"action_time": "2021-05-27T17:44:06.742Z", "user": 1, "content_type": 7, "object_id": "2", "object_repr": "Новость 2", "action_flag": 2, "change_message": "[{\"changed\": {\"fields\": [\"\\u041a\\u043e\\u043d\\u0442\\u0435\\u043d\\u0442\"]}}]"}}, {"model": "admin.logentry", "pk": 19, "fields": {"action_time": "2021-05-28T09:35:31.112Z", "user": 1, "content_type": 7, "object_id": "8", "object_repr": "Опять новость из Админа", "action_flag": 2, "change_message": "[{\"changed\": {\"fields\": [\"\\u041a\\u043e\\u043d\\u0442\\u0435\\u043d\\u0442\"]}}]"}}, {"model": "admin.logentry", "pk": 20, "fields": {"action_time": "2021-05-28T11:11:52.986Z", "user": 1, "content_type": 7, "object_id": "4", "object_repr": "Новость 4 изменина", "action_flag": 2, "change_message": "[{\"changed\": {\"fields\": [\"\\u0424\\u043e\\u0442\\u043e\", \"Category\"]}}]"}}, {"model": "admin.logentry", "pk": 21, "fields": {"action_time": "2021-05-28T11:35:55.175Z", "user": 1, "content_type": 7, "object_id": "8", "object_repr": "Опять новость из Админа", "action_flag": 2, "change_message": "[{\"changed\": {\"fields\": [\"\\u0424\\u043e\\u0442\\u043e\"]}}]"}}, {"model": "admin.logentry", "pk": 22, "fields": {"action_time": "2021-05-28T11:36:27.955Z", "user": 1, "content_type": 7, "object_id": "5", "object_repr": "Новость 5", "action_flag": 2, "change_message": "[{\"changed\": {\"fields\": [\"\\u0424\\u043e\\u0442\\u043e\"]}}]"}}, {"model": "admin.logentry", "pk": 23, "fields": {"action_time": "2021-05-28T11:36:40.461Z", "user": 1, "content_type": 7, "object_id": "3", "object_repr": "Новость 3", "action_flag": 2, "change_message": "[{\"changed\": {\"fields\": [\"\\u0424\\u043e\\u0442\\u043e\"]}}]"}}, {"model": "admin.logentry", "pk": 24, "fields": {"action_time": "2021-05-28T11:38:16.544Z", "user": 1, "content_type": 7, "object_id": "2", "object_repr": "Новость 2", "action_flag": 2, "change_message": "[{\"changed\": {\"fields\": [\"\\u0424\\u043e\\u0442\\u043e\"]}}]"}}, {"model": "admin.logentry", "pk": 25, "fields": {"action_time": "2021-06-05T13:58:00.443Z", "user": 1, "content_type": 8, "object_id": "5", "object_repr": "физика", "action_flag": 1, "change_message": "[{\"added\": {}}]"}}, {"model": "admin.logentry", "pk": 27, "fields": {"action_time": "2021-06-06T13:27:01.248Z", "user": 1, "content_type": 4, "object_id": "2", "object_repr": "sladick", "action_flag": 3, "change_message": ""}}, {"model": "admin.logentry", "pk": 28, "fields": {"action_time": "2021-06-12T10:18:39.042Z", "user": 1, "content_type": 7, "object_id": "14", "object_repr": "провека", "action_flag": 2, "change_message": "[{\"changed\": {\"fields\": [\"\\u0424\\u043e\\u0442\\u043e\"]}}]"}}, {"model": "admin.logentry", "pk": 29, "fields": {"action_time": "2021-06-14T17:33:11.082Z", "user": 1, "content_type": 7, "object_id": "8", "object_repr": "Опять новость из Админа", "action_flag": 2, "change_message": "[{\"changed\": {\"fields\": [\"\\u041f\\u0443\\u043b\\u0438\\u043a\\u0430\\u0446\\u0438\\u044f\"]}}]"}}, {"model": "admin.logentry", "pk": 30, "fields": {"action_time": "2021-06-14T17:57:55.092Z", "user": 1, "content_type": 7, "object_id": "10", "object_repr": "Переписать диплом в электронный вид 2", "action_flag": 2, "change_message": "[{\"changed\": {\"fields\": [\"\\u041f\\u0443\\u043b\\u0438\\u043a\\u0430\\u0446\\u0438\\u044f\"]}}]"}}, {"model": "admin.logentry", "pk": 31, "fields": {"action_time": "2021-06-14T18:36:11.898Z", "user": 1, "content_type": 7, "object_id": "5", "object_repr": "Новость 5", "action_flag": 2, "change_message": "[{\"changed\": {\"fields\": [\"\\u041f\\u0443\\u043b\\u0438\\u043a\\u0430\\u0446\\u0438\\u044f\"]}}]"}}, {"model": "admin.logentry", "pk": 32, "fields": {"action_time": "2021-06-14T18:36:11.963Z", "user": 1, "content_type": 7, "object_id": "2", "object_repr": "Новость 2", "action_flag": 2, "change_message": "[{\"changed\": {\"fields\": [\"\\u041f\\u0443\\u043b\\u0438\\u043a\\u0430\\u0446\\u0438\\u044f\"]}}]"}}, {"model": "admin.logentry", "pk": 33, "fields": {"action_time": "2021-06-14T18:36:24.421Z", "user": 1, "content_type": 7, "object_id": "5", "object_repr": "Новость 5", "action_flag": 2, "change_message": "[{\"changed\": {\"fields\": [\"\\u041f\\u0443\\u043b\\u0438\\u043a\\u0430\\u0446\\u0438\\u044f\"]}}]"}}, {"model": "admin.logentry", "pk": 34, "fields": {"action_time": "2021-06-14T18:36:24.487Z", "user": 1, "content_type": 7, "object_id": "2", "object_repr": "Новость 2", "action_flag": 2, "change_message": "[{\"changed\": {\"fields\": [\"\\u041f\\u0443\\u043b\\u0438\\u043a\\u0430\\u0446\\u0438\\u044f\"]}}]"}}, {"model": "admin.logentry", "pk": 35, "fields": {"action_time": "2021-06-17T11:51:09.690Z", "user": 1, "content_type": 7, "object_id": "14", "object_repr": "провека", "action_flag": 2, "change_message": "[{\"changed\": {\"fields\": [\"content\"]}}]"}}, {"model": "admin.logentry", "pk": 36, "fields": {"action_time": "2021-06-17T11:52:33.817Z", "user": 1, "content_type": 7, "object_id": "14", "object_repr": "провека", "action_flag": 2, "change_message": "[{\"changed\": {\"fields\": [\"content\"]}}]"}}, {"model": "admin.logentry", "pk": 37, "fields": {"action_time": "2021-06-28T19:37:35.091Z", "user": 1, "content_type": 10, "object_id": "1", "object_repr": "Rubric object (1)", "action_flag": 1, "change_message": "[{\"added\": {}}]"}}, {"model": "admin.logentry", "pk": 38, "fields": {"action_time": "2021-06-28T19:37:59.004Z", "user": 1, "content_type": 10, "object_id": "2", "object_repr": "Rubric object (2)", "action_flag": 1, "change_message": "[{\"added\": {}}]"}}, {"model": "admin.logentry", "pk": 39, "fields": {"action_time": "2021-06-28T19:39:50.162Z", "user": 1, "content_type": 10, "object_id": "3", "object_repr": "Rubric object (3)", "action_flag": 1, "change_message": "[{\"added\": {}}]"}}, {"model": "admin.logentry", "pk": 40, "fields": {"action_time": "2021-06-28T19:42:07.204Z", "user": 1, "content_type": 10, "object_id": "4", "object_repr": "Беларусь", "action_flag": 1, "change_message": "[{\"added\": {}}]"}}, {"model": "admin.logentry", "pk": 41, "fields": {"action_time": "2021-06-28T19:42:23.601Z", "user": 1, "content_type": 10, "object_id": "5", "object_repr": "Маша", "action_flag": 1, "change_message": "[{\"added\": {}}]"}}, {"model": "admin.logentry", "pk": 42, "fields": {"action_time": "2021-06-28T19:42:52.137Z", "user": 1, "content_type": 10, "object_id": "6", "object_repr": "Азия", "action_flag": 1, "change_message": "[{\"added\": {}}]"}}, {"model": "admin.logentry", "pk": 43, "fields": {"action_time": "2021-06-28T19:47:52.293Z", "user": 1, "content_type": 10, "object_id": "7", "object_repr": "Ca", "action_flag": 1, "change_message": "[{\"added\": {}}]"}}, {"model": "admin.logentry", "pk": 44, "fields": {"action_time": "2021-06-28T19:48:12.009Z", "user": 1, "content_type": 10, "object_id": "7", "object_repr": "Ca", "action_flag": 3, "change_message": ""}}, {"model": "admin.logentry", "pk": 45, "fields": {"action_time": "2021-06-28T19:48:24.190Z", "user": 1, "content_type": 10, "object_id": "8", "object_repr": "C", "action_flag": 1, "change_message": "[{\"added\": {}}]"}}, {"model": "admin.logentry", "pk": 46, "fields": {"action_time": "2021-06-28T20:38:55.725Z", "user": 1, "content_type": 11, "object_id": "1", "object_repr": "Lvov", "action_flag": 1, "change_message": "[{\"added\": {}}]"}}, {"model": "admin.logentry", "pk": 47, "fields": {"action_time": "2021-06-28T20:39:44.176Z", "user": 1, "content_type": 11, "object_id": "2", "object_repr": "Minsk", "action_flag": 1, "change_message": "[{\"added\": {}}]"}}, {"model": "admin.logentry", "pk": 48, "fields": {"action_time": "2021-06-28T20:43:29.940Z", "user": 1, "content_type": 10, "object_id": "1", "object_repr": "Путишествия", "action_flag": 2, "change_message": "[{\"changed\": {\"fields\": [\"parent\", \"lft\", \"rght\", \"tree_id\", \"level\"]}}]"}}, {"model": "admin.logentry", "pk": 49, "fields": {"action_time": "2021-06-28T20:43:39.279Z", "user": 1, "content_type": 10, "object_id": "3", "object_repr": "Украина", "action_flag": 2, "change_message": "[{\"changed\": {\"fields\": [\"parent\", \"lft\", \"rght\", \"level\"]}}]"}}, {"model": "admin.logentry", "pk": 50, "fields": {"action_time": "2021-06-28T20:43:45.349Z", "user": 1, "content_type": 10, "object_id": "3", "object_repr": "Украина", "action_flag": 2, "change_message": "[{\"changed\": {\"fields\": []}}]"}}, {"model": "admin.logentry", "pk": 51, "fields": {"action_time": "2021-06-28T20:43:57.804Z", "user": 1, "content_type": 10, "object_id": "3", "object_repr": "Украина", "action_flag": 2, "change_message": "[{\"changed\": {\"fields\": []}}]"}}, {"model": "admin.logentry", "pk": 52, "fields": {"action_time": "2021-06-28T20:44:01.187Z", "user": 1, "content_type": 10, "object_id": "3", "object_repr": "Украина", "action_flag": 2, "change_message": "[{\"changed\": {\"fields\": []}}]"}}, {"model": "admin.logentry", "pk": 53, "fields": {"action_time": "2021-06-28T20:44:08.639Z", "user": 1, "content_type": 10, "object_id": "3", "object_repr": "Украина", "action_flag": 2, "change_message": "[{\"changed\": {\"fields\": [\"parent\", \"lft\", \"rght\", \"tree_id\", \"level\"]}}]"}}, {"model": "admin.logentry", "pk": 54, "fields": {"action_time": "2021-06-28T20:44:16.598Z", "user": 1, "content_type": 10, "object_id": "1", "object_repr": "Путишествия", "action_flag": 2, "change_message": "[{\"changed\": {\"fields\": [\"parent\", \"lft\", \"rght\", \"level\"]}}]"}}, {"model": "admin.logentry", "pk": 55, "fields": {"action_time": "2021-06-29T20:41:06.018Z", "user": 1, "content_type": 12, "object_id": "1", "object_repr": "London", "action_flag": 1, "change_message": "[{\"added\": {}}]"}}, {"model": "admin.logentry", "pk": 56, "fields": {"action_time": "2021-06-29T20:41:28.933Z", "user": 1, "content_type": 12, "object_id": "2", "object_repr": "New York", "action_flag": 1, "change_message": "[{\"added\": {}}]"}}, {"model": "admin.logentry", "pk": 57, "fields": {"action_time": "2021-06-29T20:41:46.287Z", "user": 1, "content_type": 12, "object_id": "3", "object_repr": "Las Gegas", "action_flag": 1, "change_message": "[{\"added\": {}}]"}}, {"model": "admin.logentry", "pk": 58, "fields": {"action_time": "2021-06-29T21:34:10.719Z", "user": 1, "content_type": 12, "object_id": "3", "object_repr": "Las Gegas", "action_flag": 3, "change_message": ""}}, {"model": "admin.logentry", "pk": 59, "fields": {"action_time": "2021-06-29T21:34:16.565Z", "user": 1, "content_type": 12, "object_id": "2", "object_repr": "New York", "action_flag": 3, "change_message": ""}}, {"model": "admin.logentry", "pk": 60, "fields": {"action_time": "2021-06-29T21:34:46.467Z", "user": 1, "content_type": 12, "object_id": "4", "object_repr": "N", "action_flag": 1, "change_message": "[{\"added\": {}}]"}}, {"model": "admin.logentry", "pk": 61, "fields": {"action_time": "2021-06-29T21:34:53.066Z", "user": 1, "content_type": 12, "object_id": "4", "object_repr": "N", "action_flag": 3, "change_message": ""}}, {"model": "admin.logentry", "pk": 62, "fields": {"action_time": "2021-06-29T21:35:01.101Z", "user": 1, "content_type": 12, "object_id": "5", "object_repr": "New York", "action_flag": 1, "change_message": "[{\"added\": {}}]"}}, {"model": "auth.permission", "pk": 1, "fields": {"name": "Can add log entry", "content_type": 1, "codename": "add_logentry"}}, {"model": "auth.permission", "pk": 2, "fields": {"name": "Can change log entry", "content_type": 1, "codename": "change_logentry"}}, {"model": "auth.permission", "pk": 3, "fields": {"name": "Can delete log entry", "content_type": 1, "codename": "delete_logentry"}}, {"model": "auth.permission", "pk": 4, "fields": {"name": "Can view log entry", "content_type": 1, "codename": "view_logentry"}}, {"model": "auth.permission", "pk": 5, "fields": {"name": "Can add permission", "content_type": 2, "codename": "add_permission"}}, {"model": "auth.permission", "pk": 6, "fields": {"name": "Can change permission", "content_type": 2, "codename": "change_permission"}}, {"model": "auth.permission", "pk": 7, "fields": {"name": "Can delete permission", "content_type": 2, "codename": "delete_permission"}}, {"model": "auth.permission", "pk": 8, "fields": {"name": "Can view permission", "content_type": 2, "codename": "view_permission"}}, {"model": "auth.permission", "pk": 9, "fields": {"name": "Can add group", "content_type": 3, "codename": "add_group"}}, {"model": "auth.permission", "pk": 10, "fields": {"name": "Can change group", "content_type": 3, "codename": "change_group"}}, {"model": "auth.permission", "pk": 11, "fields": {"name": "Can delete group", "content_type": 3, "codename": "delete_group"}}, {"model": "auth.permission", "pk": 12, "fields": {"name": "Can view group", "content_type": 3, "codename": "view_group"}}, {"model": "auth.permission", "pk": 13, "fields": {"name": "Can add user", "content_type": 4, "codename": "add_user"}}, {"model": "auth.permission", "pk": 14, "fields": {"name": "Can change user", "content_type": 4, "codename": "change_user"}}, {"model": "auth.permission", "pk": 15, "fields": {"name": "Can delete user", "content_type": 4, "codename": "delete_user"}}, {"model": "auth.permission", "pk": 16, "fields": {"name": "Can view user", "content_type": 4, "codename": "view_user"}}, {"model": "auth.permission", "pk": 17, "fields": {"name": "Can add content type", "content_type": 5, "codename": "add_contenttype"}}, {"model": "auth.permission", "pk": 18, "fields": {"name": "Can change content type", "content_type": 5, "codename": "change_contenttype"}}, {"model": "auth.permission", "pk": 19, "fields": {"name": "Can delete content type", "content_type": 5, "codename": "delete_contenttype"}}, {"model": "auth.permission", "pk": 20, "fields": {"name": "Can view content type", "content_type": 5, "codename": "view_contenttype"}}, {"model": "auth.permission", "pk": 21, "fields": {"name": "Can add session", "content_type": 6, "codename": "add_session"}}, {"model": "auth.permission", "pk": 22, "fields": {"name": "Can change session", "content_type": 6, "codename": "change_session"}}, {"model": "auth.permission", "pk": 23, "fields": {"name": "Can delete session", "content_type": 6, "codename": "delete_session"}}, {"model": "auth.permission", "pk": 24, "fields": {"name": "Can view session", "content_type": 6, "codename": "view_session"}}, {"model": "auth.permission", "pk": 25, "fields": {"name": "Can add news", "content_type": 7, "codename": "add_news"}}, {"model": "auth.permission", "pk": 26, "fields": {"name": "Can change news", "content_type": 7, "codename": "change_news"}}, {"model": "auth.permission", "pk": 27, "fields": {"name": "Can delete news", "content_type": 7, "codename": "delete_news"}}, {"model": "auth.permission", "pk": 28, "fields": {"name": "Can view news", "content_type": 7, "codename": "view_news"}}, {"model": "auth.permission", "pk": 29, "fields": {"name": "Can add Категория", "content_type": 8, "codename": "add_category"}}, {"model": "auth.permission", "pk": 30, "fields": {"name": "Can change Категория", "content_type": 8, "codename": "change_category"}}, {"model": "auth.permission", "pk": 31, "fields": {"name": "Can delete Категория", "content_type": 8, "codename": "delete_category"}}, {"model": "auth.permission", "pk": 32, "fields": {"name": "Can view Категория", "content_type": 8, "codename": "view_category"}}, {"model": "auth.permission", "pk": 33, "fields": {"name": "Can add captcha store", "content_type": 9, "codename": "add_captchastore"}}, {"model": "auth.permission", "pk": 34, "fields": {"name": "Can change captcha store", "content_type": 9, "codename": "change_captchastore"}}, {"model": "auth.permission", "pk": 35, "fields": {"name": "Can delete captcha store", "content_type": 9, "codename": "delete_captchastore"}}, {"model": "auth.permission", "pk": 36, "fields": {"name": "Can view captcha store", "content_type": 9, "codename": "view_captchastore"}}, {"model": "auth.permission", "pk": 37, "fields": {"name": "Can add rubric", "content_type": 10, "codename": "add_rubric"}}, {"model": "auth.permission", "pk": 38, "fields": {"name": "Can change rubric", "content_type": 10, "codename": "change_rubric"}}, {"model": "auth.permission", "pk": 39, "fields": {"name": "Can delete rubric", "content_type": 10, "codename": "delete_rubric"}}, {"model": "auth.permission", "pk": 40, "fields": {"name": "Can view rubric", "content_type": 10, "codename": "view_rubric"}}, {"model": "auth.permission", "pk": 41, "fields": {"name": "Can add articles", "content_type": 11, "codename": "add_articles"}}, {"model": "auth.permission", "pk": 42, "fields": {"name": "Can change articles", "content_type": 11, "codename": "change_articles"}}, {"model": "auth.permission", "pk": 43, "fields": {"name": "Can delete articles", "content_type": 11, "codename": "delete_articles"}}, {"model": "auth.permission", "pk": 44, "fields": {"name": "Can view articles", "content_type": 11, "codename": "view_articles"}}, {"model": "auth.permission", "pk": 45, "fields": {"name": "Can add article", "content_type": 11, "codename": "add_article"}}, {"model": "auth.permission", "pk": 46, "fields": {"name": "Can change article", "content_type": 11, "codename": "change_article"}}, {"model": "auth.permission", "pk": 47, "fields": {"name": "Can delete article", "content_type": 11, "codename": "delete_article"}}, {"model": "auth.permission", "pk": 48, "fields": {"name": "Can view article", "content_type": 11, "codename": "view_article"}}, {"model": "auth.permission", "pk": 49, "fields": {"name": "Can add city", "content_type": 12, "codename": "add_city"}}, {"model": "auth.permission", "pk": 50, "fields": {"name": "Can change city", "content_type": 12, "codename": "change_city"}}, {"model": "auth.permission", "pk": 51, "fields": {"name": "Can delete city", "content_type": 12, "codename": "delete_city"}}, {"model": "auth.permission", "pk": 52, "fields": {"name": "Can view city", "content_type": 12, "codename": "view_city"}}, {"model": "auth.user", "pk": 1, "fields": {"password": "pbkdf2_sha256$260000$kbDWmBpCs1TuQL8llt0YFM$YRokLeY5uDXFmQjQzZm9dGaJa0QrIxSfuFLMiMMQjKk=", "last_login": "2021-06-27T20:08:42.044Z", "is_superuser": true, "username": "Sladick", "first_name": "", "last_name": "", "email": "", "is_staff": true, "is_active": true, "date_joined": "2021-05-22T18:59:43.084Z", "groups": [], "user_permissions": []}}, {"model": "auth.user", "pk": 3, "fields": {"password": "pbkdf2_sha256$260000$gHBj4rfIoV0oPzsvkYlnV9$r56AwnTpGsuuepq75fRnOMoU/+LFzwFz64EsgUoiltI=", "last_login": null, "is_superuser": false, "username": "User1", "first_name": "", "last_name": "", "email": "", "is_staff": false, "is_active": true, "date_joined": "2021-06-15T17:32:41.001Z", "groups": [], "user_permissions": []}}, {"model": "auth.user", "pk": 4, "fields": {"password": "pbkdf2_sha256$260000$Niczle7a0NzeFFWZE81KB5$Fqa+XmQ1ernmrBAligz0IHSVd1AzmG0ZDmmD+XrsQn8=", "last_login": "2021-06-16T09:06:25.776Z", "is_superuser": false, "username": "admin2", "first_name": "", "last_name": "", "email": "vzalivnov@yandex.ru", "is_staff": false, "is_active": true, "date_joined": "2021-06-15T18:32:07.541Z", "groups": [], "user_permissions": []}}, {"model": "auth.user", "pk": 5, "fields": {"password": "pbkdf2_sha256$260000$8vjSFl8W1ylPhjhQV9ho1P$d8L2yhLU3bNXkW5KHl5Tww101Kzp/RembvrMXhWJ/xs=", "last_login": "2021-06-16T09:09:36.387Z", "is_superuser": false, "username": "Sladick2", "first_name": "", "last_name": "", "email": "1231@mail.ru", "is_staff": false, "is_active": true, "date_joined": "2021-06-16T09:09:35.926Z", "groups": [], "user_permissions": []}}, {"model": "contenttypes.contenttype", "pk": 1, "fields": {"app_label": "admin", "model": "logentry"}}, {"model": "contenttypes.contenttype", "pk": 2, "fields": {"app_label": "auth", "model": "permission"}}, {"model": "contenttypes.contenttype", "pk": 3, "fields": {"app_label": "auth", "model": "group"}}, {"model": "contenttypes.contenttype", "pk": 4, "fields": {"app_label": "auth", "model": "user"}}, {"model": "contenttypes.contenttype", "pk": 5, "fields": {"app_label": "contenttypes", "model": "contenttype"}}, {"model": "contenttypes.contenttype", "pk": 6, "fields": {"app_label": "sessions", "model": "session"}}, {"model": "contenttypes.contenttype", "pk": 7, "fields": {"app_label": "news", "model": "news"}}, {"model": "contenttypes.contenttype", "pk": 8, "fields": {"app_label": "news", "model": "category"}}, {"model": "contenttypes.contenttype", "pk": 9, "fields": {"app_label": "captcha", "model": "captchastore"}}, {"model": "contenttypes.contenttype", "pk": 10, "fields": {"app_label": "testapp", "model": "rubric"}}, {"model": "contenttypes.contenttype", "pk": 11, "fields": {"app_label": "testapp", "model": "article"}}, {"model": "contenttypes.contenttype", "pk": 12, "fields": {"app_label": "weather", "model": "city"}}, {"model": "sessions.session", "pk": "h3r7cnxepm0cjhdmfukz0h4nnb2f8hoi", "fields": {"session_data": ".eJxVjDsOwjAQBe_iGlnrbwwlfc5grb1rHECOFCcV4u4QKQW0b2beS0Tc1hq3zkucSFyEEqffLWF-cNsB3bHdZpnnti5TkrsiD9rlOBM_r4f7d1Cx12-dOCh2xpIvmgYTHJqC5xKyZ3TBcgDSxWiNUMDaAQCyVQ6LD04lrUi8P-jbN5Q:1lkWs4:bwYFKS5AplL07LMP6nDtSdpotzHrICBO4vALgQh0-mU", "expire_date": "2021-06-05T19:01:12.596Z"}}, {"model": "sessions.session", "pk": "l09ikqmhn1yhfbib2gqp7f59ejgm0ogd", "fields": {"session_data": ".eJxVjDsOwjAQBe_iGlnrbwwlfc5grb1rHECOFCcV4u4QKQW0b2beS0Tc1hq3zkucSFyEEqffLWF-cNsB3bHdZpnnti5TkrsiD9rlOBM_r4f7d1Cx12-dOCh2xpIvmgYTHJqC5xKyZ3TBcgDSxWiNUMDaAQCyVQ6LD04lrUi8P-jbN5Q:1lxb58:kA2QIm0QEAMBdVpo3lntvk9RYWZApZ8unuWj3nzv1OI", "expire_date": "2021-07-11T20:08:42.212Z"}}, {"model": "sessions.session", "pk": "qbrkgapv3mwgf4h004b9oexext4fx7d3", "fields": {"session_data": ".eJxVjDsOwjAQBe_iGlnrbwwlfc5grb1rHECOFCcV4u4QKQW0b2beS0Tc1hq3zkucSFyEEqffLWF-cNsB3bHdZpnnti5TkrsiD9rlOBM_r4f7d1Cx12-dOCh2xpIvmgYTHJqC5xKyZ3TBcgDSxWiNUMDaAQCyVQ6LD04lrUi8P-jbN5Q:1ltRhT:h3VjHU_dQIjMl8IclLtI0ZGuChIp2LDavRMIngPIC7I", "expire_date": "2021-06-30T09:19:07.937Z"}}, {"model": "news.news", "pk": 1, "fields": {"title": "Новость 1", "content": "Контент новости 1", "created_at": "2021-05-21T22:23:24.996Z", "update_at": "2021-05-22T21:14:06.624Z", "photo": "", "is_published": true, "category": 3, "views": 10}}, {"model": "news.news", "pk": 2, "fields": {"title": "Новость 2", "content": "Контент новости 2 Lorem ipsum dolor sit amet, consectetur adipiscing elit. Nullam sed erat nunc. Mauris et sodales tellus. Suspendisse lobortis et justo et pellentesque. Phasellus et mollis orci. Quisque in nulla tristique, sodales metus nec, dapibus tortor. Suspendisse convallis risus eget magna pretium, vel lacinia erat congue. Curabitur sagittis eros id justo placerat suscipit. Etiam gravida semper metus eu placerat. Donec ultricies quam eget dui interdum, ultricies tincidunt orci venenatis. Suspendisse mauris ipsum, hendrerit at vestibulum sed, sodales vel mauris. Curabitur tincidunt dolor nunc, non suscipit ante suscipit vitae. Nam porta eu nisl vitae porttitor.\r\n\r\nProin lobortis vitae ipsum ullamcorper sodales. Donec consequat feugiat mauris molestie consectetur. Vestibulum elementum, metus eget vulputate sollicitudin, ante velit lacinia quam, nec molestie enim lectus non urna. Vivamus nec neque suscipit, aliquet urna vel, rhoncus mauris. Pellentesque rhoncus magna quam, vel consectetur mauris euismod sit amet. Quisque sodales ornare enim at fermentum. Proin fringilla tincidunt libero ut rutrum. Nam vel interdum lectus. In aliquam odio a risus finibus accumsan. Suspendisse potenti. Praesent efficitur risus metus. In hac habitasse platea dictumst. Sed porta accumsan libero ut interdum. Maecenas tortor libero, tristique ac arcu a, pharetra sagittis mauris. Nulla ut feugiat lectus. Donec hendrerit dapibus auctor.\r\n\r\nMaecenas commodo augue urna. Aliquam erat volutpat. Proin convallis volutpat sagittis. Etiam in sem convallis enim ornare lobortis in mattis arcu. Quisque facilisis lacinia velit quis scelerisque. Etiam convallis ante at pulvinar lobortis. Curabitur imperdiet ligula luctus faucibus semper. Nulla pretium placerat leo, eget sodales ipsum sodales sit amet. Vivamus ornare neque sit amet felis blandit, sed pretium sem congue. Cras elementum volutpat enim a interdum. Aliquam volutpat, nisi efficitur luctus consequat, nunc est pellentesque dolor, vel vestibulum ex neque quis nulla. In lobortis orci mi, eget lobortis felis fermentum at. Morbi cursus elementum pulvinar. Curabitur ut porta ligula. Maecenas efficitur, ipsum ac cursus dignissim, ligula elit consectetur lorem, ac malesuada tortor diam viverra tortor.", "created_at": "2021-05-21T22:30:44.620Z", "update_at": "2021-06-14T18:36:24.454Z", "photo": "photo/2021/05/28/250px-Zolotoj_rukozhop.png", "is_published": true, "category": 4, "views": 153}}, {"model": "news.news", "pk": 3, "fields": {"title": "Новость 3", "content": "Контент новости 3 blank=TrueLorem ipsum dolor sit amet, consectetur adipiscing elit. Nullam sed erat nunc. Mauris et sodales tellus. Suspendisse lobortis et justo et pellentesque. Phasellus et mollis orci. Quisque in nulla tristique, sodales metus nec, dapibus tortor. Suspendisse convallis risus eget magna pretium, vel lacinia erat congue. Curabitur sagittis eros id justo placerat suscipit. Etiam gravida semper metus eu placerat. Donec ultricies quam eget dui interdum, ultricies tincidunt orci venenatis. Suspendisse mauris ipsum, hendrerit at vestibulum sed, sodales vel mauris. Curabitur tincidunt dolor nunc, non suscipit ante suscipit vitae. Nam porta eu nisl vitae porttitor.\r\n\r\nProin lobortis vitae ipsum ullamcorper sodales. Donec consequat feugiat mauris molestie consectetur. Vestibulum elementum, metus eget vulputate sollicitudin, ante velit lacinia quam, nec molestie enim lectus non urna. Vivamus nec neque suscipit, aliquet urna vel, rhoncus mauris. Pellentesque rhoncus magna quam, vel consectetur mauris euismod sit amet. Quisque sodales ornare enim at fermentum. Proin fringilla tincidunt libero ut rutrum. Nam vel interdum lectus. In aliquam odio a risus finibus accumsan. Suspendisse potenti. Praesent efficitur risus metus. In hac habitasse platea dictumst. Sed porta accumsan libero ut interdum. Maecenas tortor libero, tristique ac arcu a, pharetra sagittis mauris. Nulla ut feugiat lectus. Donec hendrerit dapibus auctor.\r\n\r\nMaecenas commodo augue urna. Aliquam erat volutpat. Proin convallis volutpat sagittis. Etiam in sem convallis enim ornare lobortis in mattis arcu. Quisque facilisis lacinia velit quis scelerisque. Etiam convallis ante at pulvinar lobortis. Curabitur imperdiet ligula luctus faucibus semper. Nulla pretium placerat leo, eget sodales ipsum sodales sit amet. Vivamus ornare neque sit amet felis blandit, sed pretium sem congue. Cras elementum volutpat enim a interdum. Aliquam volutpat, nisi efficitur luctus consequat, nunc est pellentesque dolor, vel vestibulum ex neque quis nulla. In lobortis orci mi, eget lobortis felis fermentum at. Morbi cursus elementum pulvinar. Curabitur ut porta ligula. Maecenas efficitur, ipsum ac cursus dignissim, ligula elit consectetur lorem, ac malesuada tortor diam viverra tortor.", "created_at": "2021-05-21T22:34:55.785Z", "update_at": "2021-05-28T11:36:40.456Z", "photo": "photo/2021/05/28/GordonDmytro_003.webp", "is_published": true, "category": 2, "views": 170}}, {"model": "news.news", "pk": 4, "fields": {"title": "Новость 4 изменина", "content": "Контент новости 4", "created_at": "2021-05-21T22:38:26.976Z", "update_at": "2021-06-06T13:25:09.070Z", "photo": "photo/2021/05/28/31245.webp", "is_published": true, "category": 3, "views": 0}}, {"model": "news.news", "pk": 5, "fields": {"title": "Новость 5", "content": "Контент новости 5 Lorem ipsum dolor sit amet, consectetur adipiscing elit. Nullam sed erat nunc. Mauris et sodales tellus. Suspendisse lobortis et justo et pellentesque. Phasellus et mollis orci. Quisque in nulla tristique, sodales metus nec, dapibus tortor. Suspendisse convallis risus eget magna pretium, vel lacinia erat congue. Curabitur sagittis eros id justo placerat suscipit. Etiam gravida semper metus eu placerat. Donec ultricies quam eget dui interdum, ultricies tincidunt orci venenatis. Suspendisse mauris ipsum, hendrerit at vestibulum sed, sodales vel mauris. Curabitur tincidunt dolor nunc, non suscipit ante suscipit vitae. Nam porta eu nisl vitae porttitor.\r\n\r\nProin lobortis vitae ipsum ullamcorper sodales. Donec consequat feugiat mauris molestie consectetur. Vestibulum elementum, metus eget vulputate sollicitudin, ante velit lacinia quam, nec molestie enim lectus non urna. Vivamus nec neque suscipit, aliquet urna vel, rhoncus mauris. Pellentesque rhoncus magna quam, vel consectetur mauris euismod sit amet. Quisque sodales ornare enim at fermentum. Proin fringilla tincidunt libero ut rutrum. Nam vel interdum lectus. In aliquam odio a risus finibus accumsan. Suspendisse potenti. Praesent efficitur risus metus. In hac habitasse platea dictumst. Sed porta accumsan libero ut interdum. Maecenas tortor libero, tristique ac arcu a, pharetra sagittis mauris. Nulla ut feugiat lectus. Donec hendrerit dapibus auctor.\r\n\r\nMaecenas commodo augue urna. Aliquam erat volutpat. Proin convallis volutpat sagittis. Etiam in sem convallis enim ornare lobortis in mattis arcu. Quisque facilisis lacinia velit quis scelerisque. Etiam convallis ante at pulvinar lobortis. Curabitur imperdiet ligula luctus faucibus semper. Nulla pretium placerat leo, eget sodales ipsum sodales sit amet. Vivamus ornare neque sit amet felis blandit, sed pretium sem congue. Cras elementum volutpat enim a interdum. Aliquam volutpat, nisi efficitur luctus consequat, nunc est pellentesque dolor, vel vestibulum ex neque quis nulla. In lobortis orci mi, eget lobortis felis fermentum at. Morbi cursus elementum pulvinar. Curabitur ut porta ligula. Maecenas efficitur, ipsum ac cursus dignissim, ligula elit consectetur lorem, ac malesuada tortor diam viverra tortor.", "created_at": "2021-05-21T22:40:19.772Z", "update_at": "2021-06-14T18:36:24.386Z", "photo": "photo/2021/05/28/705.jpg", "is_published": true, "category": 4, "views": 1}}, {"model": "news.news", "pk": 7, "fields": {"title": "Новость из Админа", "content": "Lorem ipsum dolor sit amet, consectetur adipiscing elit. Nullam sed erat nunc. Mauris et sodales tellus. Suspendisse lobortis et justo et pellentesque. Phasellus et mollis orci. Quisque in nulla tristique, sodales metus nec, dapibus tortor. Suspendisse convallis risus eget magna pretium, vel lacinia erat congue. Curabitur sagittis eros id justo placerat suscipit. Etiam gravida semper metus eu placerat. Donec ultricies quam eget dui interdum, ultricies tincidunt orci venenatis. Suspendisse mauris ipsum, hendrerit at vestibulum sed, sodales vel mauris. Curabitur tincidunt dolor nunc, non suscipit ante suscipit vitae. Nam porta eu nisl vitae porttitor.\r\n\r\nProin lobortis vitae ipsum ullamcorper sodales. Donec consequat feugiat mauris molestie consectetur. Vestibulum elementum, metus eget vulputate sollicitudin, ante velit lacinia quam, nec molestie enim lectus non urna. Vivamus nec neque suscipit, aliquet urna vel, rhoncus mauris. Pellentesque rhoncus magna quam, vel consectetur mauris euismod sit amet. Quisque sodales ornare enim at fermentum. Proin fringilla tincidunt libero ut rutrum. Nam vel interdum lectus. In aliquam odio a risus finibus accumsan. Suspendisse potenti. Praesent efficitur risus metus. In hac habitasse platea dictumst. Sed porta accumsan libero ut interdum. Maecenas tortor libero, tristique ac arcu a, pharetra sagittis mauris. Nulla ut feugiat lectus. Donec hendrerit dapibus auctor.\r\n\r\nMaecenas commodo augue urna. Aliquam erat volutpat. Proin convallis volutpat sagittis. Etiam in sem convallis enim ornare lobortis in mattis arcu. Quisque facilisis lacinia velit quis scelerisque. Etiam convallis ante at pulvinar lobortis. Curabitur imperdiet ligula luctus faucibus semper. Nulla pretium placerat leo, eget sodales ipsum sodales sit amet. Vivamus ornare neque sit amet felis blandit, sed pretium sem congue. Cras elementum volutpat enim a interdum. Aliquam volutpat, nisi efficitur luctus consequat, nunc est pellentesque dolor, vel vestibulum ex neque quis nulla. In lobortis orci mi, eget lobortis felis fermentum at. Morbi cursus elementum pulvinar. Curabitur ut porta ligula. Maecenas efficitur, ipsum ac cursus dignissim, ligula elit consectetur lorem, ac malesuada tortor diam viverra tortor.", "created_at": "2021-05-22T19:43:17.808Z", "update_at": "2021-05-27T17:42:44.283Z", "photo": "photo/2021/05/22/1123.png", "is_published": true, "category": 2, "views": 2}}, {"model": "news.news", "pk": 8, "fields": {"title": "Опять новость из Админа", "content": "<h1> НОВОСТЬ</h1>Lorem ipsum dolor sit amet, consectetur adipiscing elit. Nullam sed erat nunc. Mauris et sodales tellus. Suspendisse lobortis et justo et pellentesque. Phasellus et mollis orci. Quisque in nulla tristique, sodales metus nec, dapibus tortor. Suspendisse convallis risus eget magna pretium, vel lacinia erat congue. Curabitur sagittis eros id justo placerat suscipit. Etiam gravida semper metus eu placerat. Donec ultricies quam eget dui interdum, ultricies tincidunt orci venenatis. Suspendisse mauris ipsum, hendrerit at vestibulum sed, sodales vel mauris. Curabitur tincidunt dolor nunc, non suscipit ante suscipit vitae. Nam porta eu nisl vitae porttitor.\r\n\r\nProin lobortis vitae ipsum ullamcorper sodales. Donec consequat feugiat mauris molestie consectetur. Vestibulum elementum, metus eget vulputate sollicitudin, ante velit lacinia quam, nec molestie enim lectus non urna. Vivamus nec neque suscipit, aliquet urna vel, rhoncus mauris. Pellentesque rhoncus magna quam, vel consectetur mauris euismod sit amet. Quisque sodales ornare enim at fermentum. Proin fringilla tincidunt libero ut rutrum. Nam vel interdum lectus. In aliquam odio a risus finibus accumsan. Suspendisse potenti. Praesent efficitur risus metus. In hac habitasse platea dictumst. Sed porta accumsan libero ut interdum. Maecenas tortor libero, tristique ac arcu a, pharetra sagittis mauris. Nulla ut feugiat lectus. Donec hendrerit dapibus auctor.\r\n\r\nMaecenas commodo augue urna. Aliquam erat volutpat. Proin convallis volutpat sagittis. Etiam in sem convallis enim ornare lobortis in mattis arcu. Quisque facilisis lacinia velit quis scelerisque. Etiam convallis ante at pulvinar lobortis. Curabitur imperdiet ligula luctus faucibus semper. Nulla pretium placerat leo, eget sodales ipsum sodales sit amet. Vivamus ornare neque sit amet felis blandit, sed pretium sem congue. Cras elementum volutpat enim a interdum. Aliquam volutpat, nisi efficitur luctus consequat, nunc est pellentesque dolor, vel vestibulum ex neque quis nulla. In lobortis orci mi, eget lobortis felis fermentum at. Morbi cursus elementum pulvinar. Curabitur ut porta ligula. Maecenas efficitur, ipsum ac cursus dignissim, ligula elit consectetur lorem, ac malesuada tortor diam viverra tortor.", "created_at": "2021-05-22T19:50:47.853Z", "update_at": "2021-06-14T17:33:11.009Z", "photo": "photo/2021/05/28/5f982a5659c62_screenshot_53.png.webp", "is_published": true, "category": 2, "views": 341}}, {"model": "news.news", "pk": 9, "fields": {"title": "Переписать диплом в электронный вид", "content": "текмт", "created_at": "2021-06-05T09:13:46.708Z", "update_at": "2021-06-05T09:13:46.708Z", "photo": "", "is_published": true, "category": 2, "views": 100}}, {"model": "news.news", "pk": 10, "fields": {"title": "Переписать диплом в электронный вид 2", "content": "текмт", "created_at": "2021-06-05T09:14:29.901Z", "update_at": "2021-06-14T17:57:55.001Z", "photo": "", "is_published": false, "category": 2, "views": 755}}, {"model": "news.news", "pk": 11, "fields": {"title": "Переписать диплом в электронный вид 3", "content": "ntrc", "created_at": "2021-06-05T09:16:30.521Z", "update_at": "2021-06-05T09:16:30.521Z", "photo": "", "is_published": true, "category": 1, "views": 279}}, {"model": "news.news", "pk": 12, "fields": {"title": "Новости из  формы 4", "content": "Какой нибудь контент", "created_at": "2021-06-05T13:47:07.888Z", "update_at": "2021-06-05T13:47:07.888Z", "photo": "", "is_published": true, "category": 1, "views": 541}}, {"model": "news.news", "pk": 13, "fields": {"title": "Новости из формы 5", "content": "", "created_at": "2021-06-05T13:48:17.680Z", "update_at": "2021-06-05T13:48:17.680Z", "photo": "", "is_published": true, "category": 1, "views": 550}}, {"model": "news.news", "pk": 14, "fields": {"title": "провека", "content": "<p><img alt=\"\" src=\"/media/uploads/2021/06/17/screenshot_55.png\" style=\"float:right; height:138px; width:157px\" />&quot;Sed ut perspiciatis unde omnis i<span style=\"color:#d35400\">ste natus error sit voluptatem accusantium doloremque laudantium, totam rem</span> aperiam, eaque ipsa quae ab illo inventore <span style=\"background-color:#2980b9\">veritatis et quasi architecto beatae vitae dicta sunt explicabo. Nemo enim ipsam voluptatem quia voluptas sit as</span><strong><span style=\"background-color:#2980b9\">pernatur aut odit aut fugit, sed quia consequuntur magni dolores eos qui ratione voluptatem </span>sequi nesciunt. Neque porro quisquam est, qui dolorem ipsum quia dolor sit amet, consectetur, adipisci velit, sed quia non numqua</strong>m eius modi tempora incidunt ut labore e<em>t dolore magnam aliqu<span style=\"color:#16a085\">am quaerat voluptatem. Ut enim ad minima veniam, quis </span>nostrum exercitationem ullam corporis suscipit laboriosam, nisi ut aliquid ex ea commodi consequatur? Quis autem vel eum iure reprehe</em>nderit qui in ea voluptate velit esse quam nihil molestiae consequatur, vel illum qui dolorem eum fugiat quo voluptas nulla pariatur?&quot;&quot;Sed ut perspiciatis unde omnis iste natus error sit voluptatem accusantium doloremque laudantium, totam rem aperiam, eaque ipsa quae ab illo inventore veritatis et quas<u>i architecto beatae vitae dicta sunt explicabo<img alt=\"kiss\" src=\"http://127.0.0.1:8000/static/ckeditor/ckeditor/plugins/smiley/images/kiss.png\" style=\"height:23px; width:23px\" title=\"kiss\" />. Nemo enim ipsam voluptatem quia voluptas sit aspernatur aut odit aut fugit, sed quia consequuntur magni dolores eos qui ratione voluptatem sequi nesciunt. Neque porro quisquam est</u>, qui dolorem ipsum quia dolor sit amet, consectetur, adipisci velit, sed quia non numquam eius modi tempora incidunt ut labore et dolore magnam aliquam quaerat voluptatem. Ut enim ad minima veniam, quis nostrum exercitationem ullam corporis suscipit laboriosam, nisi ut aliquid ex ea commodi consequatur? Quis autem vel eum iure reprehenderit qui in ea voluptate velit esse quam nihil molestiae consequatur, vel illum qui dolorem eum fugiat quo voluptas nulla pariatur?&quot;<img alt=\"\" src=\"/media/uploads/2021/06/17/screenshot_55.png\" style=\"float:right; height:138px; width:157px\" /></p>", "created_at": "2021-06-05T14:00:55.674Z", "update_at": "2021-06-17T11:52:33.785Z", "photo": "photo/2021/06/12/bb43dee785a38a9b500e4438538aa72a975765e2_hq.jpg", "is_published": true, "category": 1, "views": 0}}, {"model": "news.news", "pk": 15, "fields": {"title": "news11132", "content": "123123", "created_at": "2021-06-16T20:04:34.546Z", "update_at": "2021-06-16T20:04:34.546Z", "photo": "", "is_published": true, "category": 2, "views": 0}}, {"model": "news.category", "pk": 1, "fields": {"title": "Культура"}}, {"model": "news.category", "pk": 2, "fields": {"title": "Спорт"}}, {"model": "news.category", "pk": 3, "fields": {"title": "Политика"}}, {"model": "news.category", "pk": 4, "fields": {"title": "Наука"}}, {"model": "news.category", "pk": 5, "fields": {"title": "физика"}}, {"model": "captcha.captchastore", "pk": 1, "fields": {"challenge": "VIXM", "response": "vixm", "hashkey": "edc5778b66e8a0778c04ce43448e59c47d1907ca", "expiration": "2021-06-17T17:09:55.572Z"}}, {"model": "captcha.captchastore", "pk": 2, "fields": {"challenge": "MVEK", "response": "mvek", "hashkey": "aee256f43a43298f7e7a821d517195f6fa1a0fd5", "expiration": "2021-06-17T17:10:09.142Z"}}, {"model": "captcha.captchastore", "pk": 3, "fields": {"challenge": "FKUT", "response": "fkut", "hashkey": "ab1a23bd777b3cc670aa881d146fbce4c12c38f3", "expiration": "2021-06-17T17:10:11.896Z"}}, {"model": "captcha.captchastore", "pk": 4, "fields": {"challenge": "EICU", "response": "eicu", "hashkey": "99c828f6f06414832c0dc04fb3a539eebea065fb", "expiration": "2021-06-17T17:11:06.992Z"}}, {"model": "captcha.captchastore", "pk": 6, "fields": {"challenge": "SFWN", "response": "sfwn", "hashkey": "e9b3a45cf59f3d0455bff8d268204837a0a44493", "expiration": "2021-06-17T17:12:09.615Z"}}, {"model": "captcha.captchastore", "pk": 7, "fields": {"challenge": "QTLJ", "response": "qtlj", "hashkey": "1691302cea74f66dbae3f87a6070105b7534d61e", "expiration": "2021-06-17T17:20:06.191Z"}}, {"model": "captcha.captchastore", "pk": 8, "fields": {"challenge": "AAEB", "response": "aaeb", "hashkey": "693c5999d3318e09dd9afd3839a9d8a4e9928c56", "expiration": "2021-06-17T17:21:13.410Z"}}, {"model": "captcha.captchastore", "pk": 9, "fields": {"challenge": "IYDC", "response": "iydc", "hashkey": "9409d40fd0cd0aa6e9293e619c7689cbf35195f2", "expiration": "2021-06-17T17:21:21.822Z"}}, {"model": "captcha.captchastore", "pk": 10, "fields": {"challenge": "QJER", "response": "qjer", "hashkey": "90ade900c3c8c0f2c979083c5ecf84af7e1ea107", "expiration": "2021-06-27T20:59:10.462Z"}}, {"model": "captcha.captchastore", "pk": 11, "fields": {"challenge": "UGRE", "response": "ugre", "hashkey": "2315eeeaaa7dedce9a38a810dc184cfa0927786c", "expiration": "2021-06-27T21:13:01.574Z"}}, {"model": "captcha.captchastore", "pk": 12, "fields": {"challenge": "GZJS", "response": "gzjs", "hashkey": "f0e6676b9c1a72ec838277b07ac85ad1e541d7d4", "expiration": "2021-06-28T19:50:35.366Z"}}, {"model": "testapp.rubric", "pk": 1, "fields": {"name": "Путишествия", "parent": null, "lft": 1, "rght": 8, "tree_id": 2, "level": 0}}, {"model": "testapp.rubric", "pk": 2, "fields": {"name": "Европа", "parent": null, "lft": 1, "rght": 6, "tree_id": 3, "level": 0}}, {"model": "testapp.rubric", "pk": 3, "fields": {"name": "Украина", "parent": 2, "lft": 2, "rght": 5, "tree_id": 3, "level": 1}}, {"model": "testapp.rubric", "pk": 4, "fields": {"name": "Беларусь", "parent": 1, "lft": 4, "rght": 5, "tree_id": 2, "level": 1}}, {"model": "testapp.rubric", "pk": 5, "fields": {"name": "Маша", "parent": 1, "lft": 6, "rght": 7, "tree_id": 2, "level": 1}}, {"model": "testapp.rubric", "pk": 6, "fields": {"name": "Азия", "parent": 1, "lft": 2, "rght": 3, "tree_id": 2, "level": 1}}, {"model": "testapp.rubric", "pk": 8, "fields": {"name": "C", "parent": 3, "lft": 3, "rght": 4, "tree_id": 3, "level": 2}}, {"model": "testapp.article", "pk": 1, "fields": {"name": "Lvov", "category": 3}}, {"model": "testapp.article", "pk": 2, "fields": {"name": "Minsk", "category": 4}}, {"model": "weather.city", "pk": 9, "fields": {"name": "New York"}}, {"model": "weather.city", "pk": 13, "fields": {"name": "Moscow"}}, {"model": "weather.city", "pk": 14, "fields": {"name": "Toronto"}}]